SKU,Name,Published,Visibility in catalog,Short description,Description,In stock?,Stock,Regular price,Categories,Tax status,Length (in),Width (in),Height (in),Images,Type,Attribute 1 name,Attribute 1 value(s),Attribute 1 visible,Attribute 1 global
VN 101,Arch LED Vanity Set with Shelves,1,visible,42 × 34 × 16 inches (W × H × D). Delivered nationwide with cash on delivery.,,1,10,18500,Vanity & Wall Dressings > Vanity Sets,none,16,42,34,vn-101-0.jpg,simple,Dimensions,42 × 34 × 16 in (W × H × D),1,1
VN 102,Oval LED Vanity Set with Six Shelves,1,visible,46 × 30 × 15 inches (W × H × D). Delivered nationwide with cash on delivery.,,1,10,15500,Vanity & Wall Dressings > Vanity Sets,none,15,46,30,vn-102-0.jpg,simple,Dimensions,46 × 30 × 15 in (W × H × D),1,1
VN 103,Round Mirror Console Vanity,1,visible,40 × 30 × 16 inches (W × H × D). Delivered nationwide with cash on delivery.,,1,10,14000,Vanity & Wall Dressings > Vanity Sets,none,16,40,30,vn-103-0.jpg,simple,Dimensions,40 × 30 × 16 in (W × H × D),1,1
VN 104,Ring LED Vanity Set with Shelf Tower,1,visible,44 × 32 × 15 inches (W × H × D). Delivered nationwide with cash on delivery.,,1,10,15500,Vanity & Wall Dressings > Vanity Sets,none,15,44,32,vn-104-0.jpg,simple,Dimensions,44 × 32 × 15 in (W × H × D),1,1
VN 105,Rectangular LED Vanity Set with Shelves,1,visible,45 × 32 × 16 inches (W × H × D). Delivered nationwide with cash on delivery.,,1,10,15500,Vanity & Wall Dressings > Vanity Sets,none,16,45,32,vn-105-0.jpg,simple,Dimensions,45 × 32 × 16 in (W × H × D),1,1
VN 106,Oak Wall Vanity with Round LED Mirror,1,visible,42 × 28 × 15 inches (W × H × D). Delivered nationwide with cash on delivery.,,1,10,16500,Vanity & Wall Dressings > Vanity Sets,none,15,42,28,vn-106-0.jpg,simple,Dimensions,42 × 28 × 15 in (W × H × D),1,1
VN 107,White Wall Vanity with Gold LED Mirror,1,visible,40 × 30 × 14 inches (W × H × D). Delivered nationwide with cash on delivery.,,1,10,17500,Vanity & Wall Dressings > Vanity Sets,none,14,40,30,vn-107-0.jpg,simple,Dimensions,40 × 30 × 14 in (W × H × D),1,1
VN 108,Oak-Top Wall Vanity with Round Mirror,1,visible,46 × 30 × 16 inches (W × H × D). Delivered nationwide with cash on delivery.,,1,10,16000,Vanity & Wall Dressings > Vanity Sets,none,16,46,30,vn-108-0.jpg,simple,Dimensions,46 × 30 × 16 in (W × H × D),1,1
VN 109,Walnut Floating Console with Round Mirror,1,visible,48 × 26 × 15 inches (W × H × D). Delivered nationwide with cash on delivery.,,1,10,19500,Vanity & Wall Dressings > Vanity Sets,none,15,48,26,vn-109-0.jpg,simple,Dimensions,48 × 26 × 15 in (W × H × D),1,1
LCD 201,"Wall-Mounted LCD Rack, White & Oak",1,visible,48 × 12 × 14 inches (W × H × D). Delivered nationwide with cash on delivery.,,1,10,12500,Vanity & Wall Dressings > LCD & TV Racks,none,14,48,12,lcd-201-0.jpg,simple,Dimensions,48 × 12 × 14 in (W × H × D),1,1
LCD 202,"Wall-Mounted LCD Rack, Oak",1,visible,44 × 12 × 14 inches (W × H × D). Delivered nationwide with cash on delivery.,,1,10,13500,Vanity & Wall Dressings > LCD & TV Racks,none,14,44,12,lcd-202-0.jpg,simple,Dimensions,44 × 12 × 14 in (W × H × D),1,1
WR 301,Wall Cabinet with Open Shelves,1,visible,36 × 26 × 12 inches (W × H × D). Delivered nationwide with cash on delivery.,,1,10,9500,Vanity & Wall Dressings > Wall Racks,none,12,36,26,wr-301-0.jpg,simple,Dimensions,36 × 26 × 12 in (W × H × D),1,1
ST 401,"Study Table, White & Black X-Frame",1,visible,47 × 30 × 24 inches (W × H × D). Delivered nationwide with cash on delivery.,,1,10,14500,Study & Office > Study Tables,none,24,47,30,"st-401-0.jpg, st-401-1.jpg",simple,Dimensions,47 × 30 × 24 in (W × H × D),1,1
OR 501,"Oven Rack, Light Grey",1,visible,30 × 46 × 16 inches (W × H × D). Delivered nationwide with cash on delivery.,,1,10,11500,Storage & Racks > Oven Racks,none,16,30,46,or-501-0.jpg,simple,Dimensions,30 × 46 × 16 in (W × H × D),1,1
OR 502,"Oven Rack, Walnut",1,visible,30 × 46 × 16 inches (W × H × D). Delivered nationwide with cash on delivery.,,1,10,12500,Storage & Racks > Oven Racks,none,16,30,46,or-502-0.jpg,simple,Dimensions,30 × 46 × 16 in (W × H × D),1,1
